{"cameraMode":{"drawMode":0,"name":"Shaded","section":"Shading Mode"},"sceneLighting":true,"audioPlay":false,"sceneViewState":{"m_AlwaysRefresh":false,"showFog":true,"showSkybox":true,"showFlares":true,"showImageEffects":true,"showParticleSystems":true,"showVisualEffectGraphs":true,"m_FxEnabled":true},"in2DMode":false,"pivot":{"x":-6.075677871704102,"y":-24.900001525878908,"z":59.400001525878909},"rotation":{"x":-0.10240712761878967,"y":0.7720944881439209,"z":-0.12881024181842805,"w":-0.6138339042663574},"size":34.106788635253909,"orthographic":false}